1 , 517 , 499 , 607 , 491 , 457 , 506 , 30148 , 03-11-16 - 13:59:05 2217939
1 , 516 , 499 , 607 , 490 , 456 , 501 , 30149 , 03-11-16 - 13:59:05 2217939
1 , 516 , 498 , 607 , 491 , 456 , 503 , 30150 , 03-11-16 - 13:59:05 2217939
1 , 516 , 498 , 608 , 491 , 456 , 507 , 30151 , 03-11-16 - 13:59:05 2217939
1 , 517 , 497 , 606 , 490 , 456 , 502 , 30152 , 03-11-16 - 13:59:05 2217939
1 , 517 , 498 , 607 , 491 , 457 , 504 , 30153 , 03-11-16 - 13:59:05 2217939
1 , 516 , 499 , 608 , 491 , 456 , 504 , 30154 , 03-11-16 - 13:59:05 2217939
1 , 516 , 498 , 607 , 490 , 456 , 503 , 30155 , 03-11-16 - 13:59:05 2217939
1 , 517 , 498 , 608 , 491 , 456 , 504 , 30156 , 03-11-16 - 13:59:05 2217939
1 , 517 , 498 , 606 , 490 , 456 , 504 , 30157 , 03-11-16 - 13:59:05 2217939
1 , 516 , 498 , 606 , 491 , 456 , 502 , 30158 , 03-11-16 - 13:59:05 2217939
1 , 516 , 499 , 607 , 491 , 456 , 508 , 30159 , 03-11-16 - 13:59:05 2217939
1 , 516 , 498 , 607 , 491 , 456 , 502 , 30160 , 03-11-16 - 13:59:05 2222943
1 , 517 , 498 , 608 , 491 , 456 , 501 , 30161 , 03-11-16 - 13:59:05 2222943
1 , 517 , 499 , 607 , 490 , 456 , 502 , 30162 , 03-11-16 - 13:59:05 2222943
1 , 516 , 498 , 607 , 491 , 456 , 507 , 30163 , 03-11-16 - 13:59:05 2222943
1 , 516 , 498 , 607 , 491 , 456 , 507 , 30164 , 03-11-16 - 13:59:05 2222943
1 , 516 , 499 , 607 , 490 , 456 , 502 , 30165 , 03-11-16 - 13:59:05 2222943
1 , 517 , 498 , 608 , 490 , 456 , 505 , 30166 , 03-11-16 - 13:59:05 2222943
1 , 516 , 498 , 607 , 491 , 456 , 502 , 30167 , 03-11-16 - 13:59:05 2222943
1 , 516 , 499 , 607 , 491 , 456 , 505 , 30168 , 03-11-16 - 13:59:05 2222943
1 , 516 , 498 , 608 , 491 , 456 , 504 , 30169 , 03-11-16 - 13:59:05 2222943
1 , 516 , 498 , 607 , 490 , 456 , 502 , 30170 , 03-11-16 - 13:59:05 2222943
1 , 516 , 499 , 607 , 490 , 457 , 504 , 30171 , 03-11-16 - 13:59:05 2222943
1 , 516 , 498 , 607 , 491 , 457 , 507 , 30172 , 03-11-16 - 13:59:05 2222943
1 , 516 , 499 , 607 , 490 , 456 , 504 , 30173 , 03-11-16 - 13:59:05 2222943
1 , 516 , 498 , 607 , 491 , 456 , 506 , 30174 , 03-11-16 - 13:59:05 2222943
1 , 517 , 499 , 607 , 490 , 456 , 504 , 30175 , 03-11-16 - 13:59:05 2222943
1 , 516 , 499 , 607 , 490 , 456 , 507 , 30176 , 03-11-16 - 13:59:05 2222943
1 , 516 , 498 , 607 , 491 , 456 , 503 , 30177 , 03-11-16 - 13:59:05 2222943
1 , 516 , 498 , 607 , 491 , 456 , 505 , 30178 , 03-11-16 - 13:59:05 2222943
1 , 516 , 498 , 607 , 491 , 456 , 503 , 30179 , 03-11-16 - 13:59:05 2222943
1 , 516 , 499 , 607 , 490 , 456 , 505 , 30180 , 03-11-16 - 13:59:05 2222943
1 , 516 , 498 , 607 , 490 , 456 , 505 , 30181 , 03-11-16 - 13:59:05 2222943
1 , 517 , 498 , 608 , 491 , 456 , 505 , 30182 , 03-11-16 - 13:59:05 2222943
1 , 515 , 498 , 607 , 491 , 456 , 505 , 30183 , 03-11-16 - 13:59:05 2222943
1 , 516 , 499 , 607 , 491 , 456 , 508 , 30184 , 03-11-16 - 13:59:05 2222943
1 , 516 , 498 , 607 , 490 , 456 , 503 , 30185 , 03-11-16 - 13:59:05 2222943
1 , 516 , 498 , 607 , 491 , 456 , 506 , 30186 , 03-11-16 - 13:59:05 2222943
1 , 517 , 497 , 607 , 491 , 456 , 504 , 30187 , 03-11-16 - 13:59:05 2222943
1 , 516 , 498 , 607 , 491 , 456 , 506 , 30188 , 03-11-16 - 13:59:05 2222943
1 , 516 , 498 , 607 , 491 , 455 , 505 , 30189 , 03-11-16 - 13:59:05 2222943
1 , 515 , 499 , 608 , 491 , 456 , 503 , 30190 , 03-11-16 - 13:59:05 2222943
1 , 516 , 499 , 608 , 490 , 456 , 508 , 30191 , 03-11-16 - 13:59:05 2222943
1 , 516 , 498 , 608 , 489 , 457 , 503 , 30192 , 03-11-16 - 13:59:05 2222943
1 , 517 , 498 , 609 , 490 , 456 , 504 , 30193 , 03-11-16 - 13:59:05 2222943
1 , 516 , 498 , 607 , 490 , 456 , 503 , 30194 , 03-11-16 - 13:59:05 2222943
1 , 516 , 499 , 607 , 490 , 457 , 506 , 30195 , 03-11-16 - 13:59:05 2222943
1 , 517 , 498 , 606 , 491 , 456 , 507 , 30196 , 03-11-16 - 13:59:05 6331105
1 , 517 , 498 , 607 , 491 , 456 , 503 , 30197 , 03-11-16 - 13:59:05 6331105
1 , 516 , 498 , 608 , 491 , 456 , 507 , 30198 , 03-11-16 - 13:59:05 6331105
1 , 517 , 498 , 607 , 490 , 456 , 505 , 30199 , 03-11-16 - 13:59:05 6331105
1 , 516 , 499 , 606 , 491 , 456 , 504 , 30200 , 03-11-16 - 13:59:05 6331105
1 , 517 , 499 , 607 , 491 , 456 , 506 , 30201 , 03-11-16 - 13:59:05 6331105
1 , 516 , 498 , 607 , 491 , 456 , 506 , 30202 , 03-11-16 - 13:59:05 6331105
1 , 516 , 498 , 607 , 490 , 456 , 504 , 30203 , 03-11-16 - 13:59:05 6331105
1 , 516 , 498 , 608 , 490 , 456 , 507 , 30204 , 03-11-16 - 13:59:05 6331105
1 , 516 , 498 , 606 , 491 , 456 , 506 , 30205 , 03-11-16 - 13:59:05 6331105
1 , 516 , 499 , 607 , 491 , 456 , 504 , 30206 , 03-11-16 - 13:59:05 6331105
1 , 516 , 499 , 607 , 491 , 456 , 502 , 30206 , 03-11-16 - 13:59:05 6331105
1 , 516 , 498 , 607 , 490 , 456 , 508 , 30208 , 03-11-16 - 13:59:05 6331105
1 , 517 , 498 , 607 , 491 , 456 , 506 , 30209 , 03-11-16 - 13:59:05 6331105
1 , 516 , 497 , 607 , 491 , 456 , 504 , 30210 , 03-11-16 - 13:59:05 6331105
1 , 516 , 499 , 607 , 490 , 456 , 505 , 30211 , 03-11-16 - 13:59:05 6331105
1 , 516 , 499 , 607 , 491 , 456 , 504 , 30212 , 03-11-16 - 13:59:05 6331105
1 , 516 , 498 , 607 , 490 , 456 , 505 , 30213 , 03-11-16 - 13:59:05 6331105
1 , 516 , 498 , 607 , 491 , 456 , 503 , 30214 , 03-11-16 - 13:59:05 6331105
1 , 516 , 498 , 607 , 491 , 456 , 507 , 30215 , 03-11-16 - 13:59:05 6331105
1 , 516 , 498 , 608 , 489 , 457 , 502 , 30216 , 03-11-16 - 13:59:06 0438818
1 , 517 , 499 , 607 , 489 , 457 , 505 , 30217 , 03-11-16 - 13:59:06 0438818
1 , 516 , 499 , 607 , 489 , 457 , 501 , 30218 , 03-11-16 - 13:59:06 0438818
1 , 516 , 498 , 607 , 490 , 457 , 505 , 30219 , 03-11-16 - 13:59:06 0438818
1 , 517 , 498 , 607 , 490 , 456 , 505 , 30220 , 03-11-16 - 13:59:06 0438818
1 , 516 , 498 , 608 , 491 , 456 , 502 , 30221 , 03-11-16 - 13:59:06 0438818
1 , 517 , 498 , 607 , 491 , 456 , 503 , 30222 , 03-11-16 - 13:59:06 0438818
1 , 516 , 499 , 607 , 490 , 457 , 506 , 30223 , 03-11-16 - 13:59:06 0438818
1 , 516 , 499 , 607 , 489 , 457 , 506 , 30224 , 03-11-16 - 13:59:06 0438818
1 , 516 , 498 , 608 , 490 , 457 , 501 , 30225 , 03-11-16 - 13:59:06 0438818
1 , 516 , 498 , 607 , 490 , 457 , 503 , 30226 , 03-11-16 - 13:59:06 0438818
1 , 516 , 498 , 607 , 490 , 456 , 502 , 30227 , 03-11-16 - 13:59:06 0438818
1 , 517 , 498 , 607 , 490 , 457 , 504 , 30228 , 03-11-16 - 13:59:06 0438818
1 , 517 , 498 , 607 , 490 , 456 , 504 , 30229 , 03-11-16 - 13:59:06 0438818
1 , 516 , 499 , 608 , 491 , 456 , 506 , 30230 , 03-11-16 - 13:59:06 0438818
1 , 516 , 498 , 607 , 491 , 456 , 507 , 30231 , 03-11-16 - 13:59:06 0438818
1 , 516 , 498 , 608 , 491 , 456 , 504 , 30232 , 03-11-16 - 13:59:06 0438818
1 , 516 , 498 , 607 , 490 , 456 , 505 , 30233 , 03-11-16 - 13:59:06 0438818
1 , 516 , 498 , 608 , 490 , 456 , 504 , 30234 , 03-11-16 - 13:59:06 0438818
1 , 516 , 499 , 607 , 491 , 456 , 502 , 30235 , 03-11-16 - 13:59:06 0438818
1 , 516 , 498 , 607 , 490 , 456 , 506 , 30236 , 03-11-16 - 13:59:06 4602046
1 , 516 , 498 , 607 , 491 , 456 , 503 , 30237 , 03-11-16 - 13:59:06 4602046
1 , 517 , 499 , 607 , 491 , 456 , 502 , 30238 , 03-11-16 - 13:59:06 4602046
1 , 516 , 498 , 607 , 491 , 456 , 504 , 30239 , 03-11-16 - 13:59:06 4602046
1 , 516 , 499 , 608 , 491 , 456 , 504 , 30240 , 03-11-16 - 13:59:06 4602046
1 , 516 , 498 , 606 , 491 , 456 , 507 , 30241 , 03-11-16 - 13:59:06 4602046
1 , 517 , 498 , 606 , 491 , 457 , 506 , 30242 , 03-11-16 - 13:59:06 4602046
1 , 516 , 499 , 607 , 491 , 456 , 505 , 30243 , 03-11-16 - 13:59:06 4602046
1 , 516 , 498 , 606 , 491 , 456 , 502 , 30244 , 03-11-16 - 13:59:06 4602046
1 , 516 , 499 , 608 , 491 , 456 , 501 , 30245 , 03-11-16 - 13:59:06 4602046
1 , 517 , 498 , 607 , 491 , 456 , 504 , 30246 , 03-11-16 - 13:59:06 4602046
1 , 516 , 499 , 607 , 491 , 456 , 504 , 30247 , 03-11-16 - 13:59:06 4602046
1 , 516 , 498 , 607 , 491 , 456 , 502 , 30248 , 03-11-16 - 13:59:06 4602046
1 , 516 , 499 , 607 , 491 , 456 , 503 , 30249 , 03-11-16 - 13:59:06 4602046
1 , 517 , 498 , 607 , 490 , 456 , 503 , 30250 , 03-11-16 - 13:59:06 4602046
1 , 517 , 498 , 607 , 491 , 456 , 507 , 30251 , 03-11-16 - 13:59:06 4602046
1 , 516 , 498 , 606 , 491 , 456 , 504 , 30252 , 03-11-16 - 13:59:06 4602046
1 , 516 , 498 , 608 , 490 , 456 , 501 , 30253 , 03-11-16 - 13:59:06 4602046
1 , 516 , 498 , 608 , 491 , 456 , 506 , 30254 , 03-11-16 - 13:59:06 4602046
1 , 516 , 498 , 609 , 490 , 456 , 503 , 30255 , 03-11-16 - 13:59:06 4602046
1 , 516 , 498 , 606 , 490 , 457 , 506 , 30256 , 03-11-16 - 13:59:06 8726634
1 , 516 , 498 , 606 , 490 , 457 , 503 , 30257 , 03-11-16 - 13:59:06 8726634
1 , 516 , 498 , 607 , 490 , 457 , 502 , 30258 , 03-11-16 - 13:59:06 8726634
1 , 517 , 498 , 607 , 490 , 456 , 506 , 30259 , 03-11-16 - 13:59:06 8726634
1 , 516 , 499 , 607 , 490 , 456 , 508 , 30260 , 03-11-16 - 13:59:06 8726634
1 , 516 , 498 , 607 , 491 , 457 , 506 , 30261 , 03-11-16 - 13:59:06 8726634
1 , 516 , 498 , 607 , 490 , 457 , 503 , 30262 , 03-11-16 - 13:59:06 8726634
1 , 516 , 499 , 607 , 490 , 456 , 503 , 30263 , 03-11-16 - 13:59:06 8726634
1 , 516 , 498 , 608 , 491 , 456 , 508 , 30264 , 03-11-16 - 13:59:06 8726634
1 , 516 , 498 , 607 , 490 , 456 , 503 , 30265 , 03-11-16 - 13:59:06 8726634
1 , 517 , 498 , 606 , 491 , 456 , 504 , 30266 , 03-11-16 - 13:59:06 8726634
1 , 516 , 498 , 608 , 491 , 456 , 502 , 30267 , 03-11-16 - 13:59:06 8726634
1 , 516 , 498 , 607 , 491 , 456 , 508 , 30268 , 03-11-16 - 13:59:06 8726634
1 , 516 , 498 , 608 , 490 , 456 , 508 , 30269 , 03-11-16 - 13:59:06 8726634
1 , 517 , 498 , 607 , 490 , 457 , 506 , 30270 , 03-11-16 - 13:59:06 8726634
1 , 517 , 498 , 607 , 490 , 456 , 507 , 30271 , 03-11-16 - 13:59:06 8726634
1 , 516 , 499 , 607 , 491 , 456 , 504 , 30272 , 03-11-16 - 13:59:06 8726634
1 , 516 , 499 , 607 , 490 , 456 , 503 , 30273 , 03-11-16 - 13:59:06 8726634
1 , 517 , 498 , 607 , 490 , 456 , 504 , 30274 , 03-11-16 - 13:59:06 8726634
1 , 517 , 498 , 607 , 490 , 456 , 507 , 30275 , 03-11-16 - 13:59:06 8726634
1 , 516 , 498 , 608 , 490 , 456 , 502 , 30276 , 03-11-16 - 13:59:07 2871100
1 , 516 , 499 , 608 , 490 , 456 , 502 , 30277 , 03-11-16 - 13:59:07 2871100
1 , 517 , 498 , 608 , 490 , 456 , 505 , 30278 , 03-11-16 - 13:59:07 2871100
1 , 517 , 498 , 607 , 490 , 456 , 504 , 30279 , 03-11-16 - 13:59:07 2871100
1 , 517 , 498 , 607 , 491 , 456 , 503 , 30280 , 03-11-16 - 13:59:07 2871100
1 , 517 , 498 , 607 , 491 , 456 , 503 , 30281 , 03-11-16 - 13:59:07 2871100
1 , 515 , 499 , 608 , 490 , 456 , 503 , 30282 , 03-11-16 - 13:59:07 2871100
1 , 515 , 499 , 608 , 491 , 456 , 506 , 30283 , 03-11-16 - 13:59:07 2871100
1 , 516 , 499 , 608 , 490 , 456 , 502 , 30284 , 03-11-16 - 13:59:07 2871100
1 , 517 , 498 , 607 , 491 , 456 , 506 , 30285 , 03-11-16 - 13:59:07 2871100
1 , 516 , 498 , 607 , 490 , 456 , 501 , 30286 , 03-11-16 - 13:59:07 2871100
1 , 516 , 498 , 607 , 490 , 457 , 502 , 30287 , 03-11-16 - 13:59:07 2871100
1 , 516 , 499 , 607 , 490 , 456 , 505 , 30288 , 03-11-16 - 13:59:07 2871100
1 , 516 , 499 , 607 , 490 , 457 , 505 , 30289 , 03-11-16 - 13:59:07 2871100
1 , 517 , 498 , 608 , 490 , 456 , 501 , 30290 , 03-11-16 - 13:59:07 2871100
1 , 516 , 498 , 607 , 490 , 456 , 507 , 30291 , 03-11-16 - 13:59:07 2871100
1 , 516 , 498 , 608 , 489 , 458 , 507 , 30292 , 03-11-16 - 13:59:07 2871100
1 , 517 , 499 , 607 , 490 , 457 , 504 , 30293 , 03-11-16 - 13:59:07 2871100
1 , 516 , 499 , 606 , 490 , 457 , 505 , 30294 , 03-11-16 - 13:59:07 2871100
1 , 515 , 499 , 607 , 490 , 456 , 503 , 30295 , 03-11-16 - 13:59:07 2871100
1 , 516 , 498 , 607 , 490 , 456 , 504 , 30296 , 03-11-16 - 13:59:07 7004811
1 , 516 , 497 , 608 , 490 , 456 , 506 , 30297 , 03-11-16 - 13:59:07 7004811
1 , 516 , 498 , 607 , 490 , 457 , 505 , 30298 , 03-11-16 - 13:59:07 7004811
1 , 516 , 499 , 607 , 490 , 457 , 505 , 30299 , 03-11-16 - 13:59:07 7004811
1 , 516 , 499 , 607 , 491 , 456 , 506 , 30300 , 03-11-16 - 13:59:07 7004811
1 , 516 , 498 , 607 , 490 , 456 , 502 , 30301 , 03-11-16 - 13:59:07 7004811
1 , 516 , 498 , 607 , 490 , 456 , 505 , 30302 , 03-11-16 - 13:59:07 7004811
1 , 516 , 498 , 607 , 491 , 457 , 503 , 30303 , 03-11-16 - 13:59:07 7004811
1 , 516 , 499 , 607 , 491 , 456 , 505 , 30304 , 03-11-16 - 13:59:07 7004811
1 , 516 , 499 , 607 , 491 , 456 , 503 , 30305 , 03-11-16 - 13:59:07 7004811
1 , 516 , 499 , 607 , 490 , 457 , 504 , 30306 , 03-11-16 - 13:59:07 7014818
1 , 516 , 498 , 606 , 490 , 456 , 505 , 30307 , 03-11-16 - 13:59:07 7014818
1 , 516 , 498 , 607 , 491 , 456 , 505 , 30308 , 03-11-16 - 13:59:07 7014818
1 , 517 , 498 , 606 , 490 , 456 , 501 , 30309 , 03-11-16 - 13:59:07 7014818
1 , 516 , 499 , 606 , 491 , 456 , 504 , 30310 , 03-11-16 - 13:59:07 7014818
1 , 516 , 498 , 608 , 490 , 456 , 507 , 30311 , 03-11-16 - 13:59:07 7014818
1 , 516 , 498 , 607 , 490 , 456 , 505 , 30312 , 03-11-16 - 13:59:07 7014818
1 , 517 , 498 , 607 , 491 , 456 , 508 , 30313 , 03-11-16 - 13:59:07 7014818
1 , 516 , 498 , 608 , 490 , 456 , 505 , 30314 , 03-11-16 - 13:59:07 7014818
1 , 516 , 499 , 607 , 490 , 456 , 502 , 30315 , 03-11-16 - 13:59:07 7014818
1 , 516 , 498 , 607 , 489 , 457 , 506 , 30316 , 03-11-16 - 13:59:07 7014818
1 , 516 , 498 , 606 , 490 , 457 , 502 , 30317 , 03-11-16 - 13:59:07 7014818
1 , 516 , 497 , 607 , 490 , 456 , 507 , 30318 , 03-11-16 - 13:59:07 7014818
1 , 516 , 498 , 608 , 490 , 456 , 504 , 30319 , 03-11-16 - 13:59:07 7014818
1 , 516 , 498 , 608 , 490 , 456 , 503 , 30320 , 03-11-16 - 13:59:08 1134903
1 , 517 , 499 , 607 , 490 , 457 , 505 , 30321 , 03-11-16 - 13:59:08 1134903
1 , 516 , 498 , 607 , 490 , 456 , 502 , 30322 , 03-11-16 - 13:59:08 1134903
1 , 515 , 498 , 607 , 491 , 456 , 502 , 30323 , 03-11-16 - 13:59:08 1134903
1 , 516 , 498 , 607 , 491 , 456 , 501 , 30324 , 03-11-16 - 13:59:08 1134903
1 , 517 , 498 , 607 , 491 , 456 , 504 , 30325 , 03-11-16 - 13:59:08 1134903
1 , 516 , 498 , 607 , 491 , 457 , 502 , 30326 , 03-11-16 - 13:59:08 1134903
1 , 516 , 498 , 607 , 491 , 456 , 503 , 30327 , 03-11-16 - 13:59:08 1134903
1 , 516 , 498 , 607 , 490 , 457 , 503 , 30328 , 03-11-16 - 13:59:08 1134903
1 , 517 , 498 , 607 , 490 , 456 , 501 , 30329 , 03-11-16 - 13:59:08 1134903
1 , 516 , 499 , 606 , 490 , 457 , 503 , 30330 , 03-11-16 - 13:59:08 1134903
1 , 516 , 499 , 607 , 490 , 457 , 506 , 30331 , 03-11-16 - 13:59:08 1134903
1 , 516 , 499 , 608 , 491 , 456 , 506 , 30332 , 03-11-16 - 13:59:08 1134903
1 , 516 , 498 , 607 , 490 , 456 , 505 , 30333 , 03-11-16 - 13:59:08 1134903
1 , 517 , 498 , 608 , 490 , 457 , 502 , 30334 , 03-11-16 - 13:59:08 1134903
1 , 516 , 499 , 607 , 491 , 456 , 505 , 30335 , 03-11-16 - 13:59:08 1134903
1 , 516 , 498 , 607 , 491 , 456 , 505 , 30336 , 03-11-16 - 13:59:08 1134903
1 , 516 , 499 , 607 , 491 , 456 , 501 , 30337 , 03-11-16 - 13:59:08 1134903
1 , 517 , 499 , 607 , 490 , 456 , 501 , 30338 , 03-11-16 - 13:59:08 1134903
1 , 516 , 498 , 608 , 490 , 456 , 504 , 30339 , 03-11-16 - 13:59:08 1139911
